Date;Year;Month;Day;C1_School_closing;C2_Workplace_closing;C3_Cancel_public_events;C4_Restrictions_on_gatherings;C5_Close_public_transport;C6_Stay_at_home_requirements;C7_Restrictions_on_internal_movement;C8_International_travel_controls;H1_Public information campaigns;H2_Testing policy;H3_Contact tracing;H6_Facial_Coverings;H7_Vaccination_policy;StringencyIndex
2020-01-01;2020;01;01;1.00;1.00;1.00;1.00;0.00;1.00;0.00;0.00;0.00;0.00;0.00;0.00;0.00;487044.44
2020-01-02;2020;01;02;1.00;1.00;0.00;1.00;0.00;1.00;0.00;0.00;0.00;0.00;0.00;0.00;0.00;487044.44
2020-01-03;2020;01;03;1.00;1.00;0.00;1.00;0.00;1.00;0.00;0.00;0.00;0.00;0.00;0.00;0.00;487055.56
2020-01-04;2020;01;04;1.00;1.00;0.00;1.00;0.00;1.00;0.00;0.00;0.00;0.00;0.00;0.00;0.00;487066.67
2020-01-05;2020;01;05;1.00;1.00;0.00;1.00;0.00;1.00;0.00;0.00;0.00;0.00;0.00;0.00;0.00;487077.78
2020-01-06;2020;01;06;1.00;1.00;0.00;1.00;0.00;1.00;0.00;0.00;0.00;0.00;0.00;0.00;0.00;487088.89
2020-01-07;2020;01;07;1.00;1.00;0.00;1.00;0.00;1.00;0.00;0.00;0.00;0.00;0.00;0.00;0.00;487100.00
2020-01-08;2020;01;08;1.00;1.00;0.00;1.00;0.00;1.00;0.00;0.00;0.00;0.00;0.00;0.00;0.00;487111.11
2020-01-09;2020;01;09;1.00;1.00;0.00;1.00;0.00;1.00;0.00;0.00;0.00;0.00;0.00;0.00;0.00;487122.22
2020-01-10;2020;01;10;1.00;1.00;0.00;1.00;0.00;1.00;0.00;0.00;0.00;0.00;0.00;0.00;0.00;487133.33
2020-01-11;2020;01;11;1.00;1.00;0.00;1.00;0.00;1.00;0.00;0.00;0.00;0.00;0.00;0.00;0.00;487144.44
2020-01-12;2020;01;12;1.00;1.00;0.00;1.00;0.00;1.00;0.00;0.00;0.00;0.00;0.00;0.00;0.00;487155.56
2020-01-13;2020;01;13;1.00;1.00;0.00;1.00;0.00;1.00;0.00;0.00;0.00;0.00;0.00;0.00;0.00;487166.67
2020-01-14;2020;01;14;1.00;1.00;0.00;1.00;0.00;1.00;0.00;0.00;0.00;0.00;0.00;0.00;0.00;487177.78
2020-01-15;2020;01;15;1.00;1.00;0.00;1.00;0.00;1.00;0.00;0.00;0.00;0.00;0.00;0.00;0.00;487188.89
2020-01-16;2020;01;16;1.00;1.00;0.00;1.00;0.00;1.00;0.00;0.00;0.00;0.00;0.00;0.00;0.00;487200.00
2020-01-17;2020;01;17;1.00;1.00;0.00;1.00;0.00;1.00;0.00;0.00;0.00;0.00;0.00;0.00;0.00;487211.11
2020-01-18;2020;01;18;1.00;1.00;0.00;1.00;0.00;1.00;0.00;0.00;0.00;0.00;0.00;0.00;0.00;487222.22
2020-01-19;2020;01;19;1.00;1.00;0.00;1.00;0.00;1.00;0.00;0.00;0.00;0.00;0.00;0.00;0.00;487233.33
2020-01-20;2020;01;20;1.00;1.00;0.00;1.00;0.00;1.00;0.00;0.00;0.00;0.00;0.00;0.00;0.00;487244.44
2020-01-21;2020;01;21;1.00;1.00;0.00;1.00;0.00;1.00;0.00;0.00;0.00;0.00;0.00;0.00;0.00;487255.56
2020-01-22;2020;01;22;1.00;1.00;0.00;1.00;0.00;1.00;0.00;0.00;0.00;0.00;0.00;0.00;0.00;487266.67
2020-01-23;2020;01;23;1.00;1.00;0.00;1.00;0.00;1.00;0.00;0.00;1.00;0.00;0.00;0.00;0.00;487277.78
2020-01-24;2020;01;24;1.00;1.00;0.00;1.00;0.00;1.00;0.00;0.00;1.00;0.00;0.00;0.00;0.00;487288.89
2020-01-25;2020;01;25;1.00;1.00;0.00;1.00;0.00;1.00;0.00;0.00;1.00;0.00;0.00;0.00;0.00;487300.00
2020-01-26;2020;01;26;1.00;1.00;0.00;1.00;0.00;1.00;0.00;0.00;1.00;0.00;0.00;0.00;0.00;487311.11
2020-01-27;2020;01;27;1.00;1.00;0.00;1.00;0.00;1.00;0.00;0.00;1.00;0.00;0.00;0.00;0.00;487322.22
2020-01-28;2020;01;28;1.00;1.00;0.00;1.00;0.00;1.00;0.00;0.00;1.00;0.00;0.00;0.00;0.00;487333.33
2020-01-29;2020;01;29;1.00;1.00;0.00;1.00;0.00;1.00;0.00;0.00;1.00;0.00;0.00;0.00;0.00;487344.44
2020-01-30;2020;01;30;1.00;1.00;0.00;1.00;0.00;1.00;0.00;0.00;1.00;0.00;0.00;0.00;0.00;487355.56
2020-01-31;2020;01;31;1.00;1.00;0.00;1.00;0.00;1.00;0.00;0.00;1.00;0.00;0.00;0.00;0.00;487366.67
2020-02-01;2020;02;01;1.00;1.00;0.00;1.00;0.00;1.00;0.00;0.00;1.00;0.00;0.00;0.00;0.00;487377.78
2020-02-02;2020;02;02;1.00;1.00;0.00;1.00;0.00;1.00;0.00;0.00;1.00;0.00;0.00;0.00;0.00;487388.89
2020-02-03;2020;02;03;1.00;1.00;0.00;1.00;0.00;1.00;0.00;0.00;1.00;0.00;0.00;0.00;0.00;487400.00
2020-02-04;2020;02;04;1.00;1.00;0.00;1.00;0.00;1.00;0.00;0.00;1.00;0.00;0.00;0.00;0.00;487411.11
2020-02-05;2020;02;05;1.00;1.00;0.00;1.00;0.00;1.00;0.00;0.00;1.00;0.00;0.00;0.00;0.00;487422.22
2020-02-06;2020;02;06;1.00;1.00;0.00;1.00;0.00;1.00;0.00;0.00;1.00;0.00;0.00;0.00;0.00;487433.33
2020-02-07;2020;02;07;1.00;1.00;0.00;1.00;0.00;1.00;0.00;0.00;1.00;0.00;0.00;0.00;0.00;487444.44
2020-02-08;2020;02;08;1.00;1.00;0.00;1.00;0.00;1.00;0.00;0.00;1.00;0.00;0.00;0.00;0.00;487455.56
2020-02-09;2020;02;09;1.00;1.00;0.00;1.00;0.00;1.00;0.00;0.00;1.00;0.00;0.00;0.00;0.00;487466.67
2020-02-10;2020;02;10;1.00;1.00;0.00;1.00;0.00;1.00;0.00;0.00;1.00;0.00;0.00;0.00;0.00;487477.78
2020-02-11;2020;02;11;1.00;1.00;0.00;1.00;0.00;1.00;0.00;0.00;1.00;0.00;0.00;0.00;0.00;487488.89
2020-02-12;2020;02;12;1.00;1.00;0.00;1.00;0.00;1.00;0.00;0.00;1.00;0.00;0.00;0.00;0.00;487500.00
2020-02-13;2020;02;13;1.00;1.00;0.00;1.00;0.00;1.00;0.00;0.00;1.00;0.00;0.00;0.00;0.00;487511.11
2020-02-14;2020;02;14;1.00;1.00;0.00;1.00;0.00;1.00;0.00;0.00;1.00;0.00;0.00;0.00;0.00;487522.22
2020-02-15;2020;02;15;1.00;1.00;0.00;1.00;0.00;1.00;0.00;0.00;1.00;0.00;0.00;0.00;0.00;487533.33
2020-02-16;2020;02;16;1.00;1.00;0.00;1.00;0.00;1.00;0.00;0.00;1.00;0.00;0.00;0.00;0.00;487544.44
2020-02-17;2020;02;17;1.00;1.00;0.00;1.00;0.00;1.00;0.00;0.00;1.00;0.00;0.00;0.00;0.00;487555.56
2020-02-18;2020;02;18;1.00;1.00;0.00;1.00;0.00;1.00;0.00;0.00;1.00;0.00;0.00;0.00;0.00;487566.67
2020-02-19;2020;02;19;1.00;1.00;0.00;1.00;0.00;1.00;0.00;0.00;1.00;0.00;0.00;0.00;0.00;487577.78
2020-02-20;2020;02;20;1.00;1.00;0.00;1.00;0.00;1.00;0.00;0.00;1.00;0.00;0.00;0.00;0.00;487588.89
2020-02-21;2020;02;21;1.00;1.00;0.00;1.00;0.00;1.00;0.00;0.00;1.00;0.00;0.00;0.00;0.00;487600.00
2020-02-22;2020;02;22;1.00;1.00;0.00;1.00;0.00;1.00;0.00;0.00;1.00;0.00;0.00;0.00;0.00;487611.11
2020-02-23;2020;02;23;1.00;1.00;0.00;1.00;0.00;1.00;0.00;0.00;1.00;0.00;0.00;0.00;0.00;487622.22
2020-02-24;2020;02;24;1.00;1.00;0.00;1.00;0.00;1.00;0.00;0.00;1.00;0.00;0.00;0.00;0.00;487633.33
2020-02-25;2020;02;25;1.00;1.00;0.00;1.00;0.00;1.00;0.00;0.00;1.00;0.00;0.00;0.00;0.00;487644.44
2020-02-26;2020;02;26;1.00;1.00;0.00;1.00;0.00;1.00;0.00;0.00;1.00;0.00;0.00;0.00;0.00;487655.56
2020-02-27;2020;02;27;1.00;1.00;0.00;1.00;0.00;1.00;0.00;0.00;2.00;0.00;0.00;0.00;0.00;487666.67
2020-02-28;2020;02;28;1.00;1.00;0.00;1.00;0.00;1.00;0.00;0.00;2.00;0.00;0.00;0.00;0.00;487677.78
2020-02-29;2020;02;29;1.00;1.00;0.00;1.00;0.00;1.00;0.00;0.00;2.00;0.00;0.00;0.00;0.00;487688.89
2020-03-01;2020;03;01;1.00;1.00;0.00;1.00;0.00;1.00;0.00;0.00;2.00;0.00;0.00;0.00;0.00;487700.00
2020-03-02;2020;03;02;1.00;1.00;0.00;1.00;0.00;1.00;0.00;0.00;2.00;0.00;0.00;0.00;0.00;487711.11
2020-03-03;2020;03;03;1.00;1.00;0.00;1.00;0.00;1.00;0.00;0.00;2.00;0.00;0.00;0.00;0.00;487722.22
2020-03-04;2020;03;04;1.00;1.00;0.00;1.00;0.00;1.00;0.00;0.00;2.00;0.00;0.00;0.00;0.00;487733.33
2020-03-05;2020;03;05;1.00;1.00;0.00;1.00;0.00;1.00;0.00;0.00;2.00;0.00;0.00;0.00;0.00;487744.44
2020-03-06;2020;03;06;1.00;1.00;0.00;1.00;0.00;1.00;0.00;0.00;2.00;0.00;0.00;0.00;0.00;487755.56
2020-03-07;2020;03;07;1.00;1.00;0.00;1.00;0.00;1.00;0.00;0.00;2.00;0.00;0.00;0.00;0.00;487766.67
2020-03-08;2020;03;08;1.00;1.00;0.00;1.00;0.00;1.00;0.00;0.00;2.00;0.00;0.00;0.00;0.00;487777.78
2020-03-09;2020;03;09;1.00;1.00;0.00;1.00;0.00;1.00;0.00;1.00;2.00;0.00;0.00;0.00;0.00;487788.89
2020-03-10;2020;03;10;1.00;1.00;2.00;1.00;0.00;1.00;0.00;1.00;2.00;0.00;0.00;0.00;0.00;487822.22
2020-03-11;2020;03;11;1.00;1.00;2.00;1.00;0.00;1.00;0.00;1.00;2.00;0.00;0.00;0.00;0.00;487833.33
2020-03-12;2020;03;12;4.00;1.00;2.00;1.00;0.00;1.00;1.00;1.00;2.00;0.00;0.00;0.00;0.00;487877.78
2020-03-13;2020;03;13;4.00;1.00;2.00;1.00;0.00;1.00;1.00;1.00;2.00;0.00;0.00;0.00;0.00;487888.89
2020-03-14;2020;03;14;4.00;3.00;2.00;1.00;0.00;1.00;1.00;1.00;2.00;0.00;0.00;0.00;0.00;487922.22
2020-03-15;2020;03;15;4.00;3.00;2.00;1.00;0.00;1.00;1.00;4.00;2.00;0.00;0.00;0.00;0.00;487933.33
2020-03-16;2020;03;16;4.00;3.00;2.00;1.00;0.00;1.00;1.00;4.00;2.00;0.00;0.00;0.00;0.00;487944.44
2020-03-17;2020;03;17;4.00;3.00;2.00;1.00;0.00;1.00;1.00;4.00;2.00;0.00;0.00;0.00;0.00;487955.56
2020-03-18;2020;03;18;4.00;3.00;2.00;1.00;0.00;1.00;1.00;4.00;2.00;0.00;0.00;0.00;0.00;487966.67
2020-03-19;2020;03;19;4.00;3.00;2.00;1.00;0.00;1.00;1.00;4.00;2.00;0.00;0.00;0.00;0.00;487977.78
2020-03-20;2020;03;20;4.00;3.00;2.00;1.00;0.00;1.00;1.00;4.00;2.00;0.00;0.00;0.00;0.00;487988.89
2020-03-21;2020;03;21;4.00;3.00;2.00;1.00;0.00;1.00;1.00;4.00;2.00;0.00;0.00;0.00;0.00;488000.00
2020-03-22;2020;03;22;4.00;3.00;2.00;1.00;0.00;1.00;1.00;4.00;2.00;1.00;0.00;0.00;0.00;488011.11
2020-03-23;2020;03;23;4.00;3.00;2.00;1.00;0.00;1.00;1.00;4.00;2.00;1.00;0.00;0.00;0.00;488022.22
2020-03-24;2020;03;24;4.00;3.00;2.00;1.00;0.00;1.00;1.00;4.00;2.00;1.00;0.00;0.00;0.00;488033.33
2020-03-25;2020;03;25;4.00;3.00;2.00;1.00;0.00;1.00;1.00;4.00;2.00;1.00;0.00;0.00;0.00;488044.44
2020-03-26;2020;03;26;4.00;3.00;2.00;1.00;0.00;1.00;1.00;4.00;2.00;1.00;0.00;0.00;0.00;488055.56
2020-03-27;2020;03;27;4.00;3.00;2.00;1.00;0.00;1.00;1.00;4.00;2.00;1.00;0.00;0.00;0.00;488066.67
2020-03-28;2020;03;28;4.00;3.00;2.00;1.00;0.00;1.00;1.00;4.00;2.00;1.00;0.00;0.00;0.00;488077.78
2020-03-29;2020;03;29;4.00;3.00;2.00;1.00;0.00;1.00;1.00;4.00;2.00;1.00;0.00;0.00;0.00;488088.89
2020-03-30;2020;03;30;4.00;3.00;2.00;1.00;0.00;1.00;1.00;4.00;2.00;1.00;0.00;0.00;0.00;488100.00
2020-03-31;2020;03;31;4.00;3.00;2.00;5.00;0.00;3.00;2.00;4.00;2.00;1.00;0.00;0.00;0.00;488111.11
2020-04-01;2020;04;01;4.00;3.00;2.00;5.00;0.00;3.00;2.00;4.00;2.00;1.00;1.00;0.00;0.00;488122.22
2020-04-02;2020;04;02;4.00;3.00;2.00;5.00;0.00;3.00;2.00;4.00;2.00;1.00;1.00;0.00;0.00;488133.33
2020-04-03;2020;04;03;4.00;3.00;2.00;5.00;0.00;3.00;2.00;4.00;2.00;1.00;1.00;0.00;0.00;488144.44
2020-04-04;2020;04;04;4.00;3.00;2.00;5.00;0.00;3.00;2.00;4.00;2.00;1.00;1.00;0.00;0.00;488155.56
2020-04-05;2020;04;05;4.00;3.00;2.00;5.00;0.00;3.00;2.00;4.00;2.00;1.00;1.00;0.00;0.00;488166.67
2020-04-06;2020;04;06;4.00;3.00;2.00;5.00;0.00;3.00;2.00;4.00;2.00;1.00;1.00;0.00;0.00;488177.78
2020-04-07;2020;04;07;4.00;3.00;2.00;5.00;0.00;3.00;2.00;4.00;2.00;1.00;1.00;0.00;0.00;488188.89
2020-04-08;2020;04;08;4.00;3.00;2.00;5.00;0.00;3.00;2.00;4.00;2.00;1.00;1.00;0.00;0.00;488200.00
2020-04-09;2020;04;09;4.00;3.00;2.00;5.00;1.00;2.00;2.00;4.00;2.00;1.00;1.00;0.00;0.00;488222.22
2020-04-10;2020;04;10;4.00;3.00;2.00;5.00;1.00;2.00;2.00;4.00;2.00;1.00;1.00;0.00;0.00;488233.33
2020-04-11;2020;04;11;4.00;3.00;2.00;5.00;1.00;2.00;2.00;4.00;2.00;1.00;1.00;0.00;0.00;488244.44
2020-04-12;2020;04;12;4.00;3.00;2.00;5.00;1.00;2.00;2.00;4.00;2.00;1.00;1.00;0.00;0.00;488255.56
2020-04-13;2020;04;13;4.00;3.00;2.00;5.00;1.00;2.00;2.00;4.00;2.00;1.00;1.00;0.00;0.00;488266.67
2020-04-14;2020;04;14;4.00;3.00;2.00;5.00;1.00;2.00;2.00;4.00;2.00;1.00;1.00;0.00;0.00;488277.78
2020-04-15;2020;04;15;4.00;3.00;2.00;5.00;1.00;2.00;2.00;4.00;2.00;1.00;1.00;0.00;0.00;488288.89
2020-04-16;2020;04;16;4.00;3.00;2.00;5.00;1.00;2.00;2.00;4.00;2.00;1.00;1.00;3.00;0.00;488300.00
2020-04-17;2020;04;17;4.00;3.00;2.00;5.00;1.00;2.00;2.00;4.00;2.00;1.00;1.00;3.00;0.00;488311.11
2020-04-18;2020;04;18;4.00;3.00;2.00;5.00;1.00;2.00;2.00;4.00;2.00;1.00;1.00;3.00;0.00;488322.22
2020-04-19;2020;04;19;4.00;3.00;2.00;5.00;1.00;2.00;2.00;4.00;2.00;1.00;1.00;3.00;0.00;488333.33
2020-04-20;2020;04;20;4.00;3.00;2.00;5.00;1.00;2.00;2.00;4.00;2.00;1.00;1.00;3.00;0.00;488344.44
2020-04-21;2020;04;21;4.00;3.00;2.00;5.00;1.00;2.00;2.00;4.00;2.00;1.00;1.00;3.00;0.00;488355.56
2020-04-22;2020;04;22;4.00;3.00;2.00;5.00;1.00;2.00;2.00;4.00;2.00;1.00;1.00;3.00;0.00;488366.67
2020-04-23;2020;04;23;4.00;3.00;2.00;5.00;1.00;2.00;2.00;4.00;2.00;1.00;1.00;3.00;0.00;488377.78
2020-04-24;2020;04;24;4.00;3.00;2.00;5.00;1.00;2.00;2.00;4.00;2.00;1.00;1.00;3.00;0.00;488388.89
2020-04-25;2020;04;25;4.00;3.00;2.00;5.00;1.00;2.00;2.00;4.00;2.00;1.00;1.00;3.00;0.00;488400.00
2020-04-26;2020;04;26;4.00;3.00;2.00;5.00;1.00;2.00;2.00;4.00;2.00;1.00;1.00;3.00;0.00;488411.11
2020-04-27;2020;04;27;4.00;3.00;2.00;5.00;1.00;2.00;2.00;4.00;2.00;1.00;1.00;3.00;0.00;488422.22
2020-04-28;2020;04;28;4.00;3.00;2.00;5.00;1.00;2.00;2.00;4.00;2.00;1.00;1.00;3.00;0.00;488433.33
2020-04-29;2020;04;29;4.00;3.00;2.00;5.00;1.00;2.00;2.00;4.00;2.00;1.00;1.00;3.00;0.00;488444.44
2020-04-30;2020;04;30;4.00;3.00;2.00;5.00;1.00;2.00;2.00;4.00;2.00;1.00;1.00;3.00;0.00;488455.56
2020-05-01;2020;05;01;4.00;3.00;2.00;5.00;1.00;2.00;2.00;4.00;2.00;1.00;1.00;3.00;0.00;488466.67
2020-05-02;2020;05;02;4.00;3.00;2.00;5.00;1.00;2.00;2.00;4.00;2.00;1.00;1.00;3.00;0.00;488477.78
2020-05-03;2020;05;03;4.00;3.00;2.00;5.00;1.00;2.00;2.00;4.00;2.00;1.00;1.00;3.00;0.00;488488.89
2020-05-04;2020;05;04;4.00;3.00;2.00;5.00;1.00;2.00;2.00;4.00;2.00;1.00;1.00;3.00;0.00;488500.00
2020-05-05;2020;05;05;4.00;3.00;2.00;5.00;1.00;2.00;2.00;4.00;2.00;1.00;1.00;3.00;0.00;488511.11
2020-05-06;2020;05;06;4.00;3.00;2.00;5.00;1.00;2.00;2.00;4.00;2.00;1.00;1.00;3.00;0.00;488522.22
2020-05-07;2020;05;07;4.00;3.00;2.00;5.00;1.00;2.00;2.00;4.00;2.00;1.00;1.00;3.00;0.00;488533.33
2020-05-08;2020;05;08;4.00;3.00;2.00;5.00;1.00;2.00;2.00;4.00;2.00;1.00;1.00;3.00;0.00;488544.44
2020-05-09;2020;05;09;4.00;3.00;2.00;5.00;1.00;2.00;2.00;4.00;2.00;1.00;1.00;3.00;0.00;488555.56
2020-05-10;2020;05;10;4.00;3.00;2.00;5.00;1.00;2.00;2.00;4.00;2.00;1.00;1.00;3.00;0.00;488566.67
2020-05-11;2020;05;11;4.00;3.00;2.00;5.00;1.00;2.00;2.00;4.00;2.00;1.00;1.00;3.00;0.00;488577.78
2020-05-12;2020;05;12;4.00;3.00;2.00;5.00;1.00;2.00;2.00;4.00;2.00;1.00;1.00;3.00;0.00;488588.89
2020-05-13;2020;05;13;4.00;3.00;2.00;5.00;1.00;2.00;2.00;4.00;2.00;1.00;1.00;3.00;0.00;488600.00
2020-05-14;2020;05;14;4.00;3.00;2.00;5.00;1.00;2.00;2.00;4.00;2.00;1.00;1.00;3.00;0.00;488611.11
2020-05-15;2020;05;15;4.00;3.00;2.00;5.00;1.00;2.00;2.00;4.00;2.00;1.00;1.00;3.00;0.00;488622.22
2020-05-16;2020;05;16;4.00;3.00;2.00;5.00;1.00;2.00;2.00;4.00;2.00;1.00;1.00;3.00;0.00;488633.33
2020-05-17;2020;05;17;4.00;3.00;2.00;5.00;1.00;2.00;2.00;4.00;2.00;1.00;1.00;3.00;0.00;488644.44
2020-05-18;2020;05;18;4.00;3.00;2.00;5.00;1.00;2.00;2.00;4.00;2.00;1.00;1.00;3.00;0.00;488655.56
2020-05-19;2020;05;19;4.00;3.00;2.00;5.00;1.00;2.00;2.00;4.00;2.00;1.00;1.00;3.00;0.00;488666.67
2020-05-20;2020;05;20;4.00;3.00;2.00;5.00;1.00;2.00;2.00;4.00;2.00;1.00;1.00;3.00;0.00;488677.78
2020-05-21;2020;05;21;4.00;3.00;2.00;5.00;1.00;2.00;2.00;4.00;2.00;1.00;1.00;3.00;0.00;488688.89
2020-05-22;2020;05;22;4.00;3.00;2.00;5.00;1.00;2.00;2.00;4.00;2.00;1.00;1.00;3.00;0.00;488700.00
2020-05-23;2020;05;23;4.00;3.00;2.00;5.00;1.00;2.00;2.00;4.00;2.00;1.00;1.00;3.00;0.00;488711.11
2020-05-24;2020;05;24;4.00;3.00;2.00;5.00;1.00;2.00;2.00;4.00;2.00;1.00;1.00;3.00;0.00;488722.22
2020-05-25;2020;05;25;3.00;3.00;2.00;5.00;1.00;2.00;2.00;4.00;2.00;1.00;1.00;3.00;0.00;488722.22
2020-05-26;2020;05;26;3.00;3.00;2.00;5.00;1.00;2.00;2.00;4.00;2.00;1.00;1.00;3.00;0.00;488733.33
2020-05-27;2020;05;27;3.00;3.00;2.00;5.00;1.00;2.00;2.00;4.00;2.00;1.00;1.00;3.00;0.00;488744.44
2020-05-28;2020;05;28;3.00;3.00;2.00;5.00;1.00;2.00;2.00;4.00;2.00;1.00;1.00;3.00;0.00;488755.56
2020-05-29;2020;05;29;3.00;3.00;2.00;5.00;1.00;2.00;2.00;4.00;2.00;1.00;1.00;3.00;0.00;488766.67
2020-05-30;2020;05;30;3.00;3.00;1.00;3.00;1.00;1.00;2.00;4.00;2.00;1.00;1.00;2.00;0.00;488766.67
2020-05-31;2020;05;31;3.00;3.00;1.00;3.00;1.00;1.00;2.00;4.00;2.00;1.00;1.00;2.00;0.00;488777.78
2020-06-01;2020;06;01;3.00;3.00;1.00;3.00;1.00;1.00;2.00;4.00;2.00;1.00;1.00;2.00;0.00;488788.89
2020-06-02;2020;06;02;3.00;3.00;1.00;3.00;1.00;1.00;0.00;4.00;2.00;2.00;1.00;2.00;0.00;488800.00
2020-06-03;2020;06;03;3.00;3.00;1.00;3.00;1.00;1.00;0.00;4.00;2.00;2.00;1.00;2.00;0.00;488811.11
2020-06-04;2020;06;04;3.00;3.00;1.00;3.00;1.00;1.00;0.00;4.00;2.00;2.00;1.00;2.00;0.00;488822.22
2020-06-05;2020;06;05;3.00;3.00;1.00;3.00;1.00;1.00;0.00;4.00;2.00;2.00;1.00;2.00;0.00;488833.33
2020-06-06;2020;06;06;3.00;3.00;1.00;3.00;1.00;1.00;0.00;4.00;2.00;2.00;1.00;2.00;0.00;488844.44
2020-06-07;2020;06;07;3.00;3.00;1.00;3.00;1.00;1.00;0.00;4.00;2.00;2.00;1.00;2.00;0.00;488855.56
2020-06-08;2020;06;08;3.00;3.00;1.00;3.00;1.00;1.00;0.00;4.00;2.00;2.00;1.00;2.00;0.00;488866.67
2020-06-09;2020;06;09;3.00;3.00;1.00;3.00;1.00;1.00;0.00;4.00;2.00;2.00;1.00;2.00;0.00;488877.78
2020-06-10;2020;06;10;3.00;3.00;1.00;3.00;1.00;1.00;0.00;4.00;2.00;2.00;1.00;2.00;0.00;488888.89
2020-06-11;2020;06;11;3.00;3.00;1.00;3.00;1.00;1.00;0.00;4.00;2.00;2.00;1.00;2.00;0.00;488900.00
2020-06-12;2020;06;12;3.00;3.00;1.00;3.00;1.00;1.00;0.00;4.00;2.00;2.00;1.00;2.00;0.00;488911.11
2020-06-13;2020;06;13;3.00;3.00;1.00;3.00;1.00;1.00;0.00;4.00;2.00;2.00;1.00;2.00;0.00;488922.22
2020-06-14;2020;06;14;3.00;3.00;1.00;3.00;1.00;1.00;0.00;4.00;2.00;2.00;1.00;2.00;0.00;488933.33
2020-06-15;2020;06;15;3.00;3.00;1.00;3.00;1.00;1.00;0.00;3.00;2.00;2.00;1.00;2.00;0.00;488944.44
2020-06-16;2020;06;16;3.00;3.00;1.00;3.00;1.00;1.00;0.00;3.00;2.00;2.00;1.00;2.00;0.00;488955.56
2020-06-17;2020;06;17;3.00;3.00;1.00;3.00;1.00;1.00;0.00;3.00;2.00;2.00;1.00;2.00;0.00;488966.67
2020-06-18;2020;06;18;3.00;3.00;1.00;3.00;1.00;1.00;0.00;3.00;2.00;2.00;1.00;2.00;0.00;488977.78
2020-06-19;2020;06;19;3.00;3.00;1.00;3.00;1.00;1.00;0.00;3.00;2.00;2.00;1.00;2.00;0.00;488988.89
2020-06-20;2020;06;20;3.00;3.00;1.00;3.00;1.00;1.00;0.00;3.00;2.00;2.00;1.00;2.00;0.00;489000.00
2020-06-21;2020;06;21;3.00;3.00;1.00;3.00;1.00;1.00;0.00;3.00;2.00;2.00;1.00;2.00;0.00;489011.11
2020-06-22;2020;06;22;3.00;3.00;1.00;3.00;1.00;1.00;0.00;3.00;2.00;2.00;1.00;2.00;0.00;489022.22
2020-06-23;2020;06;23;3.00;3.00;1.00;3.00;1.00;1.00;0.00;3.00;2.00;2.00;1.00;2.00;0.00;489033.33
2020-06-24;2020;06;24;3.00;3.00;1.00;3.00;1.00;1.00;0.00;3.00;2.00;2.00;1.00;2.00;0.00;489044.44
2020-06-25;2020;06;25;3.00;3.00;1.00;3.00;1.00;1.00;0.00;3.00;2.00;2.00;1.00;2.00;0.00;489055.56
2020-06-26;2020;06;26;3.00;3.00;1.00;3.00;1.00;1.00;0.00;3.00;2.00;2.00;1.00;2.00;0.00;489066.67
2020-06-27;2020;06;27;3.00;3.00;1.00;3.00;1.00;1.00;0.00;3.00;2.00;2.00;1.00;2.00;0.00;489077.78
2020-06-28;2020;06;28;3.00;3.00;1.00;3.00;1.00;1.00;0.00;3.00;2.00;2.00;1.00;2.00;0.00;489088.89
2020-06-29;2020;06;29;3.00;3.00;1.00;3.00;1.00;1.00;0.00;3.00;2.00;2.00;1.00;2.00;0.00;489100.00
2020-06-30;2020;06;30;3.00;3.00;1.00;3.00;1.00;1.00;0.00;3.00;2.00;2.00;1.00;2.00;0.00;489111.11
2020-07-01;2020;07;01;3.00;3.00;1.00;3.00;1.00;1.00;0.00;3.00;2.00;2.00;1.00;2.00;0.00;489122.22
2020-07-02;2020;07;02;3.00;3.00;1.00;3.00;1.00;1.00;0.00;3.00;2.00;2.00;1.00;2.00;0.00;489133.33
2020-07-03;2020;07;03;3.00;3.00;1.00;3.00;1.00;1.00;0.00;3.00;2.00;2.00;1.00;2.00;0.00;489144.44
2020-07-04;2020;07;04;3.00;3.00;1.00;3.00;1.00;1.00;0.00;3.00;2.00;2.00;1.00;2.00;0.00;489155.56
2020-07-05;2020;07;05;3.00;3.00;1.00;3.00;1.00;1.00;0.00;3.00;2.00;2.00;1.00;2.00;0.00;489166.67
2020-07-06;2020;07;06;3.00;3.00;1.00;3.00;1.00;1.00;0.00;3.00;2.00;2.00;1.00;2.00;0.00;489177.78
2020-07-07;2020;07;07;3.00;3.00;1.00;3.00;1.00;1.00;0.00;3.00;2.00;2.00;1.00;2.00;0.00;489188.89
2020-07-08;2020;07;08;3.00;3.00;1.00;3.00;1.00;1.00;0.00;3.00;2.00;2.00;1.00;2.00;0.00;489200.00
2020-07-09;2020;07;09;3.00;3.00;0.00;3.00;0.00;1.00;0.00;3.00;2.00;2.00;1.00;2.00;0.00;489188.89
2020-07-10;2020;07;10;3.00;3.00;0.00;3.00;0.00;1.00;0.00;3.00;2.00;2.00;1.00;2.00;0.00;489200.00
2020-07-11;2020;07;11;3.00;3.00;0.00;3.00;0.00;1.00;0.00;3.00;2.00;2.00;1.00;2.00;0.00;489211.11
2020-07-12;2020;07;12;3.00;3.00;0.00;3.00;0.00;1.00;0.00;3.00;2.00;2.00;1.00;2.00;0.00;489222.22
2020-07-13;2020;07;13;3.00;3.00;0.00;3.00;0.00;1.00;0.00;3.00;2.00;2.00;1.00;2.00;0.00;489233.33
2020-07-14;2020;07;14;3.00;3.00;0.00;3.00;0.00;1.00;0.00;3.00;2.00;2.00;1.00;2.00;0.00;489244.44
2020-07-15;2020;07;15;3.00;3.00;0.00;3.00;0.00;1.00;0.00;3.00;2.00;2.00;1.00;2.00;0.00;489255.56
2020-07-16;2020;07;16;3.00;3.00;0.00;3.00;0.00;1.00;0.00;3.00;2.00;2.00;1.00;2.00;0.00;489266.67
2020-07-17;2020;07;17;3.00;3.00;0.00;3.00;0.00;1.00;0.00;3.00;2.00;2.00;1.00;2.00;0.00;489277.78
2020-07-18;2020;07;18;3.00;3.00;0.00;3.00;0.00;1.00;0.00;3.00;2.00;2.00;1.00;2.00;0.00;489288.89
2020-07-19;2020;07;19;3.00;3.00;0.00;3.00;0.00;1.00;0.00;3.00;2.00;2.00;1.00;2.00;0.00;489300.00
2020-07-20;2020;07;20;3.00;3.00;0.00;3.00;0.00;1.00;0.00;3.00;2.00;2.00;1.00;2.00;0.00;489311.11
2020-07-21;2020;07;21;3.00;3.00;0.00;3.00;0.00;1.00;0.00;3.00;2.00;2.00;1.00;2.00;0.00;489322.22
2020-07-22;2020;07;22;3.00;3.00;0.00;3.00;0.00;1.00;0.00;3.00;2.00;2.00;1.00;2.00;0.00;489333.33
2020-07-23;2020;07;23;3.00;3.00;0.00;3.00;0.00;1.00;0.00;3.00;2.00;2.00;1.00;2.00;0.00;489344.44
2020-07-24;2020;07;24;3.00;3.00;0.00;3.00;0.00;1.00;0.00;3.00;2.00;2.00;1.00;2.00;0.00;489355.56
2020-07-25;2020;07;25;3.00;3.00;0.00;3.00;0.00;1.00;0.00;3.00;2.00;2.00;1.00;2.00;0.00;489366.67
2020-07-26;2020;07;26;3.00;3.00;0.00;3.00;0.00;1.00;0.00;3.00;2.00;2.00;1.00;2.00;0.00;489377.78
2020-07-27;2020;07;27;3.00;3.00;0.00;3.00;0.00;1.00;0.00;3.00;2.00;2.00;1.00;2.00;0.00;489388.89
2020-07-28;2020;07;28;3.00;3.00;0.00;3.00;0.00;1.00;0.00;3.00;2.00;2.00;1.00;2.00;0.00;489400.00
2020-07-29;2020;07;29;3.00;3.00;0.00;3.00;0.00;1.00;0.00;3.00;2.00;2.00;1.00;2.00;0.00;489411.11
2020-07-30;2020;07;30;3.00;3.00;0.00;3.00;0.00;1.00;0.00;3.00;2.00;2.00;1.00;2.00;0.00;489422.22
2020-07-31;2020;07;31;3.00;3.00;0.00;3.00;0.00;1.00;0.00;3.00;2.00;2.00;1.00;2.00;0.00;489433.33
2020-08-01;2020;08;01;3.00;3.00;0.00;3.00;0.00;1.00;0.00;3.00;2.00;2.00;1.00;2.00;0.00;489444.44
2020-08-02;2020;08;02;3.00;3.00;0.00;3.00;0.00;1.00;0.00;3.00;2.00;2.00;1.00;2.00;0.00;489455.56
2020-08-03;2020;08;03;3.00;3.00;0.00;3.00;0.00;1.00;0.00;3.00;2.00;2.00;1.00;2.00;0.00;489466.67
2020-08-04;2020;08;04;3.00;3.00;0.00;3.00;0.00;1.00;0.00;3.00;2.00;2.00;1.00;2.00;0.00;489477.78
2020-08-05;2020;08;05;3.00;3.00;0.00;3.00;0.00;1.00;0.00;3.00;2.00;2.00;1.00;2.00;0.00;489488.89
2020-08-06;2020;08;06;3.00;3.00;0.00;3.00;0.00;1.00;0.00;3.00;2.00;2.00;1.00;3.00;0.00;489500.00
2020-08-07;2020;08;07;3.00;3.00;0.00;3.00;0.00;1.00;0.00;3.00;2.00;2.00;1.00;3.00;0.00;489511.11
2020-08-08;2020;08;08;3.00;3.00;0.00;3.00;0.00;1.00;0.00;3.00;2.00;2.00;1.00;3.00;0.00;489522.22
2020-08-09;2020;08;09;3.00;3.00;0.00;3.00;0.00;1.00;0.00;3.00;2.00;2.00;1.00;3.00;0.00;489533.33
2020-08-10;2020;08;10;3.00;3.00;0.00;3.00;0.00;1.00;0.00;3.00;2.00;2.00;1.00;3.00;0.00;489544.44
2020-08-11;2020;08;11;3.00;3.00;0.00;3.00;0.00;1.00;0.00;3.00;2.00;2.00;1.00;3.00;0.00;489555.56
2020-08-12;2020;08;12;3.00;3.00;0.00;3.00;0.00;1.00;0.00;3.00;2.00;2.00;1.00;3.00;0.00;489566.67
2020-08-13;2020;08;13;3.00;3.00;0.00;3.00;0.00;1.00;0.00;3.00;2.00;2.00;1.00;3.00;0.00;489577.78
2020-08-14;2020;08;14;3.00;3.00;0.00;3.00;0.00;1.00;0.00;3.00;2.00;2.00;1.00;3.00;0.00;489588.89
2020-08-15;2020;08;15;3.00;3.00;0.00;3.00;0.00;1.00;0.00;3.00;2.00;2.00;1.00;3.00;0.00;489600.00
2020-08-16;2020;08;16;3.00;3.00;0.00;3.00;0.00;1.00;0.00;3.00;2.00;2.00;1.00;3.00;0.00;489611.11
2020-08-17;2020;08;17;3.00;3.00;0.00;3.00;0.00;1.00;0.00;3.00;2.00;2.00;1.00;3.00;0.00;489622.22
2020-08-18;2020;08;18;3.00;3.00;0.00;3.00;0.00;1.00;0.00;3.00;2.00;2.00;1.00;3.00;0.00;489633.33
2020-08-19;2020;08;19;3.00;3.00;0.00;3.00;0.00;1.00;0.00;3.00;2.00;2.00;1.00;3.00;0.00;489644.44
2020-08-20;2020;08;20;3.00;3.00;0.00;3.00;0.00;1.00;0.00;3.00;2.00;2.00;1.00;3.00;0.00;489655.56
2020-08-21;2020;08;21;3.00;3.00;0.00;3.00;0.00;1.00;0.00;3.00;2.00;2.00;1.00;3.00;0.00;489666.67
2020-08-22;2020;08;22;3.00;3.00;0.00;3.00;0.00;1.00;0.00;3.00;2.00;2.00;1.00;3.00;0.00;489677.78
2020-08-23;2020;08;23;3.00;3.00;0.00;3.00;0.00;1.00;0.00;3.00;2.00;2.00;1.00;3.00;0.00;489688.89
2020-08-24;2020;08;24;3.00;3.00;0.00;3.00;0.00;1.00;0.00;3.00;2.00;2.00;1.00;3.00;0.00;489700.00
2020-08-25;2020;08;25;3.00;3.00;0.00;3.00;0.00;1.00;0.00;3.00;2.00;2.00;1.00;3.00;0.00;489711.11
2020-08-26;2020;08;26;3.00;3.00;0.00;3.00;0.00;1.00;0.00;3.00;2.00;2.00;1.00;3.00;0.00;489722.22
2020-08-27;2020;08;27;3.00;3.00;0.00;3.00;0.00;1.00;0.00;3.00;2.00;2.00;1.00;3.00;0.00;489733.33
2020-08-28;2020;08;28;3.00;3.00;0.00;3.00;0.00;1.00;0.00;3.00;2.00;2.00;1.00;3.00;0.00;489744.44
2020-08-29;2020;08;29;3.00;3.00;0.00;3.00;0.00;1.00;0.00;3.00;2.00;2.00;1.00;3.00;0.00;489755.56
2020-08-30;2020;08;30;3.00;3.00;0.00;3.00;0.00;1.00;0.00;3.00;2.00;2.00;1.00;3.00;0.00;489766.67
2020-08-31;2020;08;31;3.00;3.00;0.00;3.00;0.00;1.00;0.00;3.00;2.00;2.00;1.00;3.00;0.00;489777.78
2020-09-01;2020;09;01;2.00;3.00;0.00;3.00;0.00;1.00;0.00;3.00;2.00;2.00;1.00;3.00;0.00;489777.78
2020-09-02;2020;09;02;2.00;3.00;0.00;3.00;0.00;1.00;0.00;3.00;2.00;2.00;1.00;3.00;0.00;489788.89
2020-09-03;2020;09;03;2.00;3.00;0.00;3.00;0.00;1.00;0.00;3.00;2.00;2.00;1.00;3.00;0.00;489800.00
2020-09-04;2020;09;04;2.00;3.00;0.00;3.00;0.00;1.00;0.00;3.00;2.00;2.00;1.00;3.00;0.00;489811.11
2020-09-05;2020;09;05;2.00;3.00;0.00;3.00;0.00;1.00;0.00;3.00;2.00;2.00;1.00;3.00;0.00;489822.22
2020-09-06;2020;09;06;2.00;3.00;0.00;3.00;0.00;1.00;0.00;3.00;2.00;2.00;1.00;3.00;0.00;489833.33
2020-09-07;2020;09;07;2.00;3.00;0.00;3.00;0.00;1.00;0.00;3.00;2.00;2.00;1.00;3.00;0.00;489844.44
2020-09-08;2020;09;08;2.00;3.00;0.00;3.00;0.00;1.00;0.00;3.00;2.00;2.00;1.00;3.00;0.00;489855.56
2020-09-09;2020;09;09;2.00;3.00;0.00;3.00;0.00;1.00;0.00;3.00;2.00;2.00;1.00;3.00;0.00;489866.67
2020-09-10;2020;09;10;2.00;3.00;0.00;3.00;0.00;1.00;0.00;3.00;2.00;2.00;1.00;3.00;0.00;489877.78
2020-09-11;2020;09;11;2.00;3.00;0.00;3.00;0.00;1.00;0.00;3.00;2.00;2.00;1.00;3.00;0.00;489888.89
2020-09-12;2020;09;12;2.00;3.00;0.00;3.00;0.00;1.00;0.00;3.00;2.00;2.00;1.00;3.00;0.00;489900.00
2020-09-13;2020;09;13;2.00;3.00;0.00;3.00;0.00;1.00;0.00;3.00;2.00;2.00;1.00;3.00;0.00;489911.11
2020-09-14;2020;09;14;2.00;3.00;0.00;3.00;0.00;1.00;0.00;3.00;2.00;2.00;1.00;3.00;0.00;489922.22
2020-09-15;2020;09;15;2.00;3.00;0.00;3.00;0.00;1.00;0.00;3.00;2.00;2.00;1.00;3.00;0.00;489933.33
2020-09-16;2020;09;16;2.00;3.00;0.00;3.00;0.00;1.00;0.00;3.00;2.00;2.00;1.00;3.00;0.00;489944.44
2020-09-17;2020;09;17;2.00;3.00;0.00;3.00;0.00;1.00;0.00;3.00;2.00;2.00;1.00;3.00;0.00;489955.56
2020-09-18;2020;09;18;2.00;1.00;0.00;1.00;0.00;1.00;0.00;3.00;2.00;2.00;1.00;3.00;0.00;489944.44
2020-09-19;2020;09;19;2.00;1.00;0.00;1.00;0.00;1.00;0.00;3.00;2.00;2.00;1.00;3.00;0.00;489955.56
2020-09-20;2020;09;20;2.00;1.00;0.00;1.00;0.00;1.00;0.00;3.00;2.00;2.00;1.00;3.00;0.00;489966.67
2020-09-21;2020;09;21;2.00;1.00;0.00;1.00;0.00;1.00;0.00;3.00;2.00;2.00;1.00;3.00;0.00;489977.78
2020-09-22;2020;09;22;2.00;1.00;0.00;1.00;0.00;1.00;0.00;3.00;2.00;2.00;1.00;3.00;0.00;489988.89
2020-09-23;2020;09;23;2.00;1.00;0.00;1.00;0.00;1.00;0.00;3.00;2.00;2.00;1.00;3.00;0.00;490000.00
2020-09-24;2020;09;24;2.00;1.00;0.00;1.00;0.00;1.00;0.00;3.00;2.00;2.00;1.00;3.00;0.00;490011.11
2020-09-25;2020;09;25;2.00;1.00;0.00;1.00;0.00;1.00;0.00;3.00;2.00;2.00;1.00;3.00;0.00;490022.22
2020-09-26;2020;09;26;2.00;1.00;0.00;1.00;0.00;1.00;0.00;3.00;2.00;2.00;1.00;3.00;0.00;490033.33
2020-09-27;2020;09;27;2.00;1.00;0.00;1.00;0.00;1.00;0.00;3.00;2.00;2.00;1.00;3.00;0.00;490044.44
2020-09-28;2020;09;28;2.00;1.00;0.00;1.00;0.00;1.00;0.00;3.00;2.00;2.00;1.00;3.00;0.00;490055.56
2020-09-29;2020;09;29;2.00;1.00;0.00;1.00;0.00;1.00;0.00;3.00;2.00;2.00;1.00;3.00;0.00;490066.67
2020-09-30;2020;09;30;2.00;1.00;0.00;1.00;0.00;1.00;0.00;3.00;2.00;2.00;1.00;3.00;0.00;490077.78
2020-10-01;2020;10;01;2.00;1.00;0.00;1.00;0.00;1.00;0.00;3.00;2.00;2.00;1.00;3.00;0.00;490088.89
2020-10-02;2020;10;02;2.00;1.00;0.00;1.00;0.00;1.00;0.00;3.00;2.00;2.00;1.00;3.00;0.00;490100.00
2020-10-03;2020;10;03;2.00;1.00;0.00;1.00;0.00;1.00;0.00;3.00;2.00;2.00;1.00;3.00;0.00;490111.11
2020-10-04;2020;10;04;2.00;1.00;0.00;1.00;0.00;1.00;0.00;3.00;2.00;2.00;1.00;3.00;0.00;490122.22
2020-10-05;2020;10;05;2.00;1.00;0.00;1.00;0.00;1.00;0.00;3.00;2.00;2.00;1.00;3.00;0.00;490133.33
2020-10-06;2020;10;06;2.00;1.00;0.00;1.00;0.00;1.00;0.00;3.00;2.00;2.00;1.00;3.00;0.00;490144.44
2020-10-07;2020;10;07;2.00;1.00;0.00;1.00;0.00;1.00;0.00;3.00;2.00;2.00;1.00;3.00;0.00;490155.56
2020-10-08;2020;10;08;2.00;1.00;0.00;1.00;0.00;1.00;0.00;3.00;2.00;2.00;1.00;3.00;0.00;490166.67
2020-10-09;2020;10;09;2.00;1.00;0.00;1.00;0.00;1.00;0.00;3.00;2.00;2.00;1.00;2.00;0.00;490177.78
2020-10-10;2020;10;10;2.00;1.00;2.00;3.00;0.00;1.00;0.00;3.00;2.00;2.00;1.00;3.00;0.00;490211.11
2020-10-11;2020;10;11;2.00;1.00;2.00;3.00;0.00;1.00;0.00;3.00;2.00;2.00;1.00;3.00;0.00;490222.22
2020-10-12;2020;10;12;2.00;1.00;2.00;3.00;0.00;1.00;0.00;3.00;2.00;2.00;1.00;3.00;0.00;490233.33
2020-10-13;2020;10;13;2.00;1.00;2.00;3.00;0.00;1.00;0.00;3.00;2.00;2.00;1.00;3.00;0.00;490244.44
2020-10-14;2020;10;14;2.00;1.00;2.00;3.00;0.00;1.00;0.00;3.00;2.00;2.00;1.00;3.00;0.00;490255.56
2020-10-15;2020;10;15;2.00;1.00;2.00;3.00;0.00;1.00;0.00;3.00;2.00;2.00;1.00;3.00;0.00;490266.67
2020-10-16;2020;10;16;2.00;1.00;2.00;3.00;0.00;1.00;0.00;3.00;2.00;2.00;1.00;3.00;0.00;490277.78
2020-10-17;2020;10;17;2.00;1.00;0.00;5.00;0.00;1.00;0.00;3.00;2.00;2.00;1.00;3.00;0.00;490266.67
2020-10-18;2020;10;18;2.00;1.00;0.00;5.00;0.00;1.00;0.00;3.00;2.00;2.00;1.00;3.00;0.00;490277.78
2020-10-19;2020;10;19;3.00;1.00;0.00;5.00;0.00;1.00;0.00;3.00;2.00;2.00;1.00;3.00;0.00;490300.00
2020-10-20;2020;10;20;3.00;1.00;0.00;5.00;0.00;1.00;0.00;3.00;2.00;2.00;1.00;3.00;0.00;490311.11
2020-10-21;2020;10;21;3.00;1.00;0.00;5.00;0.00;1.00;0.00;3.00;2.00;2.00;1.00;3.00;0.00;490322.22
2020-10-22;2020;10;22;3.00;1.00;0.00;5.00;0.00;1.00;0.00;3.00;2.00;2.00;1.00;3.00;0.00;490333.33
2020-10-23;2020;10;23;3.00;1.00;0.00;5.00;0.00;1.00;0.00;3.00;2.00;2.00;1.00;3.00;0.00;490344.44
2020-10-24;2020;10;24;3.00;3.00;2.00;5.00;1.00;2.00;1.00;3.00;2.00;2.00;1.00;3.00;0.00;490411.11
2020-10-25;2020;10;25;3.00;3.00;2.00;5.00;1.00;2.00;1.00;3.00;2.00;2.00;1.00;3.00;0.00;490422.22
2020-10-26;2020;10;26;3.00;3.00;2.00;5.00;1.00;2.00;1.00;3.00;2.00;2.00;1.00;3.00;0.00;490433.33
2020-10-27;2020;10;27;3.00;3.00;2.00;5.00;1.00;2.00;1.00;3.00;2.00;2.00;1.00;3.00;0.00;490444.44
2020-10-28;2020;10;28;3.00;3.00;2.00;5.00;1.00;2.00;1.00;3.00;2.00;2.00;1.00;3.00;0.00;490455.56
2020-10-29;2020;10;29;3.00;3.00;2.00;5.00;1.00;2.00;1.00;3.00;2.00;2.00;1.00;3.00;0.00;490466.67
2020-10-30;2020;10;30;3.00;3.00;2.00;5.00;1.00;2.00;1.00;3.00;2.00;2.00;1.00;3.00;0.00;490477.78
2020-10-31;2020;10;31;3.00;3.00;2.00;5.00;1.00;2.00;1.00;3.00;2.00;2.00;1.00;3.00;0.00;490488.89
2020-11-01;2020;11;01;3.00;3.00;2.00;5.00;1.00;2.00;1.00;3.00;2.00;2.00;1.00;3.00;0.00;490500.00
2020-11-02;2020;11;02;3.00;3.00;2.00;5.00;1.00;2.00;1.00;3.00;2.00;2.00;1.00;3.00;0.00;490511.11
2020-11-03;2020;11;03;3.00;3.00;2.00;5.00;1.00;2.00;1.00;3.00;2.00;2.00;1.00;3.00;0.00;490522.22
2020-11-04;2020;11;04;3.00;3.00;2.00;5.00;1.00;2.00;1.00;3.00;2.00;2.00;1.00;3.00;0.00;490533.33
2020-11-05;2020;11;05;3.00;3.00;2.00;5.00;1.00;2.00;1.00;3.00;2.00;2.00;1.00;3.00;0.00;490544.44
2020-11-06;2020;11;06;3.00;3.00;2.00;5.00;1.00;2.00;1.00;3.00;2.00;2.00;1.00;3.00;0.00;490555.56
2020-11-07;2020;11;07;4.00;3.00;2.00;5.00;1.00;2.00;1.00;3.00;2.00;2.00;1.00;3.00;0.00;490577.78
2020-11-08;2020;11;08;4.00;3.00;2.00;5.00;1.00;2.00;1.00;3.00;2.00;2.00;1.00;3.00;0.00;490588.89
2020-11-09;2020;11;09;4.00;3.00;2.00;5.00;1.00;2.00;1.00;3.00;2.00;2.00;1.00;3.00;0.00;490600.00
2020-11-10;2020;11;10;4.00;3.00;2.00;5.00;1.00;2.00;1.00;3.00;2.00;2.00;1.00;3.00;0.00;490611.11
2020-11-11;2020;11;11;4.00;3.00;2.00;5.00;1.00;2.00;1.00;3.00;2.00;2.00;1.00;3.00;0.00;490622.22
2020-11-12;2020;11;12;4.00;3.00;2.00;5.00;1.00;2.00;1.00;3.00;2.00;2.00;1.00;3.00;0.00;490633.33
2020-11-13;2020;11;13;4.00;3.00;2.00;5.00;1.00;2.00;1.00;3.00;2.00;2.00;1.00;3.00;0.00;490644.44
2020-11-14;2020;11;14;4.00;3.00;2.00;5.00;1.00;2.00;1.00;3.00;2.00;2.00;1.00;3.00;0.00;490655.56
2020-11-15;2020;11;15;4.00;3.00;2.00;5.00;1.00;2.00;1.00;3.00;2.00;2.00;1.00;3.00;0.00;490666.67
2020-11-16;2020;11;16;4.00;3.00;2.00;5.00;1.00;2.00;1.00;3.00;2.00;2.00;1.00;3.00;0.00;490677.78
2020-11-17;2020;11;17;4.00;3.00;2.00;5.00;1.00;2.00;1.00;3.00;2.00;2.00;1.00;3.00;0.00;490688.89
2020-11-18;2020;11;18;4.00;3.00;2.00;5.00;1.00;2.00;1.00;3.00;2.00;2.00;1.00;3.00;0.00;490700.00
2020-11-19;2020;11;19;4.00;3.00;2.00;5.00;1.00;2.00;1.00;3.00;2.00;2.00;1.00;3.00;0.00;490711.11
2020-11-20;2020;11;20;4.00;3.00;2.00;5.00;1.00;2.00;1.00;3.00;2.00;2.00;1.00;3.00;0.00;490722.22
2020-11-21;2020;11;21;4.00;3.00;2.00;5.00;1.00;2.00;1.00;3.00;2.00;2.00;1.00;3.00;0.00;490733.33
2020-11-22;2020;11;22;4.00;3.00;2.00;5.00;1.00;2.00;1.00;3.00;2.00;2.00;1.00;3.00;0.00;490744.44
2020-11-23;2020;11;23;4.00;3.00;2.00;5.00;1.00;2.00;1.00;3.00;2.00;2.00;1.00;3.00;0.00;490755.56
2020-11-24;2020;11;24;4.00;3.00;2.00;5.00;1.00;2.00;1.00;3.00;2.00;2.00;1.00;3.00;0.00;490766.67
2020-11-25;2020;11;25;4.00;3.00;2.00;5.00;1.00;2.00;1.00;3.00;2.00;2.00;1.00;3.00;0.00;490777.78
2020-11-26;2020;11;26;4.00;3.00;2.00;5.00;1.00;2.00;1.00;3.00;2.00;2.00;1.00;3.00;0.00;490788.89
2020-11-27;2020;11;27;4.00;3.00;2.00;5.00;1.00;2.00;1.00;3.00;2.00;2.00;1.00;3.00;0.00;490800.00
2020-11-28;2020;11;28;4.00;3.00;2.00;5.00;1.00;2.00;1.00;3.00;2.00;2.00;1.00;3.00;0.00;490811.11
2020-11-29;2020;11;29;4.00;3.00;2.00;5.00;1.00;2.00;1.00;3.00;2.00;2.00;1.00;3.00;0.00;490822.22
2020-11-30;2020;11;30;4.00;3.00;2.00;5.00;1.00;2.00;1.00;3.00;2.00;2.00;1.00;3.00;0.00;490833.33
2020-12-01;2020;12;01;4.00;3.00;2.00;5.00;1.00;2.00;1.00;3.00;2.00;2.00;1.00;3.00;0.00;490844.44
2020-12-02;2020;12;02;4.00;3.00;2.00;5.00;1.00;2.00;1.00;3.00;2.00;2.00;1.00;3.00;0.00;490855.56
2020-12-03;2020;12;03;4.00;3.00;2.00;5.00;1.00;2.00;1.00;3.00;2.00;2.00;1.00;3.00;0.00;490866.67
2020-12-04;2020;12;04;4.00;3.00;2.00;5.00;1.00;2.00;1.00;3.00;2.00;2.00;1.00;3.00;0.00;490877.78
2020-12-05;2020;12;05;4.00;3.00;2.00;5.00;1.00;2.00;1.00;3.00;2.00;2.00;1.00;3.00;0.00;490888.89
2020-12-06;2020;12;06;4.00;3.00;2.00;5.00;1.00;2.00;1.00;3.00;2.00;2.00;1.00;3.00;0.00;490900.00
2020-12-07;2020;12;07;4.00;3.00;2.00;5.00;1.00;2.00;1.00;3.00;2.00;2.00;1.00;3.00;0.00;490911.11
2020-12-08;2020;12;08;4.00;3.00;2.00;5.00;1.00;2.00;1.00;3.00;2.00;2.00;1.00;3.00;0.00;490922.22
2020-12-09;2020;12;09;4.00;3.00;2.00;5.00;1.00;2.00;1.00;3.00;2.00;2.00;1.00;3.00;0.00;490933.33
2020-12-10;2020;12;10;4.00;3.00;2.00;5.00;1.00;2.00;1.00;3.00;2.00;2.00;1.00;3.00;0.00;490944.44
2020-12-11;2020;12;11;4.00;3.00;2.00;5.00;1.00;2.00;1.00;3.00;2.00;2.00;1.00;3.00;0.00;490955.56
2020-12-12;2020;12;12;4.00;3.00;2.00;5.00;1.00;2.00;1.00;3.00;2.00;2.00;1.00;3.00;0.00;490966.67
2020-12-13;2020;12;13;4.00;3.00;2.00;5.00;1.00;2.00;1.00;3.00;2.00;2.00;1.00;3.00;0.00;490977.78
2020-12-14;2020;12;14;4.00;3.00;2.00;5.00;1.00;2.00;1.00;3.00;2.00;2.00;1.00;3.00;0.00;490988.89
2020-12-15;2020;12;15;4.00;3.00;2.00;5.00;1.00;2.00;1.00;3.00;2.00;2.00;1.00;3.00;0.00;491000.00
2020-12-16;2020;12;16;4.00;3.00;2.00;5.00;1.00;2.00;1.00;3.00;2.00;2.00;1.00;3.00;0.00;491011.11
2020-12-17;2020;12;17;4.00;3.00;2.00;5.00;1.00;2.00;1.00;3.00;2.00;2.00;1.00;3.00;0.00;491022.22
2020-12-18;2020;12;18;4.00;3.00;2.00;5.00;1.00;2.00;1.00;3.00;2.00;2.00;1.00;3.00;0.00;491033.33
2020-12-19;2020;12;19;4.00;3.00;2.00;5.00;1.00;2.00;1.00;3.00;2.00;2.00;1.00;3.00;0.00;491044.44
2020-12-20;2020;12;20;4.00;3.00;2.00;5.00;1.00;2.00;1.00;3.00;2.00;2.00;1.00;3.00;0.00;491055.56
2020-12-21;2020;12;21;4.00;3.00;2.00;5.00;1.00;2.00;1.00;3.00;2.00;2.00;1.00;3.00;0.00;491066.67
2020-12-22;2020;12;22;4.00;3.00;2.00;5.00;1.00;2.00;1.00;3.00;2.00;2.00;1.00;3.00;0.00;491077.78
2020-12-23;2020;12;23;4.00;3.00;2.00;5.00;1.00;2.00;1.00;3.00;2.00;2.00;1.00;3.00;0.00;491088.89
2020-12-24;2020;12;24;4.00;3.00;2.00;5.00;1.00;2.00;1.00;3.00;2.00;2.00;1.00;3.00;0.00;491100.00
2020-12-25;2020;12;25;4.00;3.00;2.00;5.00;1.00;2.00;1.00;3.00;2.00;2.00;1.00;3.00;0.00;491111.11
2020-12-26;2020;12;26;4.00;3.00;2.00;5.00;1.00;2.00;1.00;3.00;2.00;2.00;1.00;3.00;0.00;491122.22
2020-12-27;2020;12;27;4.00;3.00;2.00;5.00;1.00;2.00;1.00;3.00;2.00;2.00;1.00;3.00;0.00;491133.33
2020-12-28;2020;12;28;4.00;3.00;2.00;5.00;1.00;2.00;1.00;3.00;2.00;2.00;1.00;3.00;0.00;491144.44
2020-12-29;2020;12;29;4.00;3.00;2.00;5.00;1.00;2.00;1.00;3.00;2.00;2.00;1.00;3.00;0.00;491155.56
2020-12-30;2020;12;30;4.00;3.00;2.00;5.00;1.00;2.00;1.00;3.00;2.00;2.00;1.00;3.00;2.00;491166.67
2020-12-31;2020;12;31;4.00;3.00;2.00;5.00;1.00;2.00;2.00;3.00;2.00;2.00;1.00;3.00;2.00;491177.78
2021-01-01;2021;01;01;4.00;3.00;2.00;5.00;1.00;2.00;2.00;3.00;2.00;2.00;1.00;3.00;2.00;491188.89
2021-01-02;2021;01;02;4.00;3.00;2.00;5.00;1.00;2.00;1.00;3.00;2.00;2.00;1.00;3.00;2.00;491200.00
2021-01-03;2021;01;03;4.00;3.00;2.00;5.00;1.00;2.00;1.00;3.00;2.00;2.00;1.00;3.00;2.00;491211.11
2021-01-04;2021;01;04;4.00;3.00;2.00;5.00;1.00;2.00;1.00;3.00;2.00;2.00;1.00;3.00;2.00;491222.22
2021-01-05;2021;01;05;4.00;3.00;2.00;5.00;1.00;2.00;1.00;3.00;2.00;2.00;1.00;3.00;2.00;491233.33
2021-01-06;2021;01;06;4.00;3.00;2.00;5.00;1.00;2.00;1.00;3.00;2.00;2.00;1.00;3.00;2.00;491244.44
2021-01-07;2021;01;07;4.00;3.00;2.00;5.00;1.00;2.00;1.00;3.00;2.00;2.00;1.00;3.00;2.00;491255.56
2021-01-08;2021;01;08;4.00;3.00;2.00;5.00;1.00;2.00;1.00;3.00;2.00;2.00;1.00;3.00;2.00;491266.67
2021-01-09;2021;01;09;4.00;3.00;2.00;5.00;1.00;2.00;1.00;3.00;2.00;2.00;1.00;3.00;2.00;491277.78
2021-01-10;2021;01;10;4.00;3.00;2.00;5.00;1.00;2.00;1.00;3.00;2.00;2.00;1.00;3.00;2.00;491288.89
2021-01-11;2021;01;11;4.00;3.00;2.00;5.00;1.00;2.00;1.00;3.00;2.00;2.00;1.00;3.00;2.00;491300.00
2021-01-12;2021;01;12;4.00;3.00;2.00;5.00;1.00;2.00;1.00;3.00;2.00;2.00;1.00;2.00;2.00;491311.11
2021-01-13;2021;01;13;4.00;3.00;2.00;5.00;1.00;2.00;1.00;3.00;2.00;2.00;1.00;2.00;2.00;491322.22
2021-01-14;2021;01;14;4.00;3.00;2.00;5.00;1.00;2.00;1.00;3.00;2.00;2.00;1.00;2.00;2.00;491333.33
2021-01-15;2021;01;15;4.00;3.00;2.00;5.00;1.00;2.00;1.00;3.00;2.00;2.00;1.00;2.00;2.00;491344.44
2021-01-16;2021;01;16;4.00;3.00;2.00;5.00;1.00;2.00;1.00;3.00;2.00;2.00;1.00;2.00;2.00;491355.56
2021-01-17;2021;01;17;4.00;3.00;2.00;5.00;1.00;2.00;1.00;3.00;2.00;2.00;1.00;2.00;2.00;491366.67
2021-01-18;2021;01;18;3.00;3.00;2.00;5.00;1.00;2.00;1.00;3.00;2.00;2.00;1.00;2.00;2.00;491366.67
2021-01-19;2021;01;19;3.00;3.00;2.00;5.00;1.00;2.00;1.00;3.00;2.00;2.00;1.00;2.00;2.00;491377.78
2021-01-20;2021;01;20;3.00;3.00;2.00;5.00;1.00;2.00;1.00;3.00;2.00;2.00;1.00;2.00;2.00;491388.89
2021-01-21;2021;01;21;3.00;3.00;2.00;5.00;1.00;2.00;1.00;3.00;2.00;2.00;1.00;2.00;2.00;491400.00
2021-01-22;2021;01;22;3.00;3.00;2.00;5.00;1.00;2.00;1.00;3.00;2.00;2.00;1.00;2.00;2.00;491411.11
2021-01-23;2021;01;23;3.00;3.00;2.00;5.00;1.00;2.00;1.00;3.00;2.00;2.00;1.00;2.00;2.00;491422.22
2021-01-24;2021;01;24;3.00;3.00;2.00;5.00;1.00;2.00;1.00;3.00;2.00;2.00;1.00;2.00;2.00;491433.33
2021-01-25;2021;01;25;3.00;3.00;2.00;5.00;1.00;2.00;1.00;3.00;2.00;2.00;1.00;2.00;2.00;491444.44
2021-01-26;2021;01;26;3.00;3.00;2.00;5.00;1.00;2.00;1.00;3.00;2.00;2.00;1.00;2.00;2.00;491455.56
2021-01-27;2021;01;27;3.00;3.00;2.00;5.00;1.00;2.00;1.00;3.00;2.00;2.00;1.00;2.00;2.00;491466.67
2021-01-28;2021;01;28;3.00;3.00;2.00;5.00;1.00;2.00;1.00;3.00;2.00;2.00;1.00;2.00;2.00;491477.78
2021-01-29;2021;01;29;3.00;3.00;2.00;5.00;1.00;2.00;1.00;3.00;2.00;2.00;1.00;2.00;2.00;491488.89
2021-01-30;2021;01;30;3.00;3.00;2.00;5.00;1.00;2.00;1.00;3.00;2.00;2.00;1.00;2.00;2.00;491500.00
2021-01-31;2021;01;31;3.00;3.00;2.00;5.00;1.00;2.00;1.00;3.00;2.00;2.00;1.00;2.00;2.00;491511.11
2021-02-01;2021;02;01;3.00;3.00;2.00;5.00;1.00;2.00;1.00;3.00;2.00;2.00;1.00;2.00;2.00;491522.22
2021-02-02;2021;02;02;3.00;3.00;2.00;5.00;1.00;2.00;1.00;3.00;2.00;2.00;1.00;2.00;2.00;491533.33
2021-02-03;2021;02;03;3.00;3.00;2.00;5.00;1.00;2.00;1.00;3.00;2.00;2.00;1.00;2.00;2.00;491544.44
2021-02-04;2021;02;04;3.00;3.00;2.00;5.00;1.00;2.00;1.00;3.00;2.00;2.00;1.00;2.00;2.00;491555.56
2021-02-05;2021;02;05;3.00;3.00;2.00;5.00;1.00;2.00;1.00;3.00;2.00;2.00;1.00;2.00;2.00;491566.67
2021-02-06;2021;02;06;3.00;3.00;2.00;5.00;1.00;2.00;1.00;3.00;2.00;2.00;1.00;2.00;2.00;491577.78
2021-02-07;2021;02;07;3.00;3.00;2.00;5.00;1.00;2.00;1.00;3.00;2.00;2.00;1.00;2.00;2.00;491588.89
2021-02-08;2021;02;08;3.00;3.00;2.00;5.00;1.00;2.00;1.00;3.00;2.00;2.00;1.00;2.00;2.00;491600.00
2021-02-09;2021;02;09;3.00;3.00;2.00;5.00;1.00;2.00;1.00;3.00;2.00;2.00;1.00;2.00;2.00;491611.11
2021-02-10;2021;02;10;3.00;3.00;2.00;5.00;1.00;2.00;1.00;3.00;2.00;2.00;1.00;2.00;2.00;491622.22
2021-02-11;2021;02;11;3.00;3.00;2.00;5.00;1.00;2.00;1.00;3.00;2.00;2.00;1.00;2.00;2.00;491633.33
2021-02-12;2021;02;12;3.00;3.00;2.00;5.00;1.00;2.00;1.00;3.00;2.00;2.00;1.00;2.00;2.00;491644.44
2021-02-13;2021;02;13;3.00;3.00;2.00;5.00;1.00;2.00;1.00;3.00;2.00;2.00;1.00;2.00;2.00;491655.56
2021-02-14;2021;02;14;3.00;3.00;2.00;5.00;1.00;2.00;1.00;3.00;2.00;2.00;1.00;2.00;2.00;491666.67
2021-02-15;2021;02;15;3.00;3.00;2.00;5.00;1.00;2.00;1.00;3.00;2.00;2.00;1.00;2.00;2.00;491677.78
2021-02-16;2021;02;16;3.00;3.00;2.00;5.00;1.00;2.00;1.00;3.00;2.00;2.00;1.00;2.00;2.00;491688.89
2021-02-17;2021;02;17;3.00;3.00;2.00;5.00;1.00;2.00;1.00;3.00;2.00;2.00;1.00;2.00;2.00;491700.00
2021-02-18;2021;02;18;3.00;3.00;2.00;5.00;1.00;2.00;1.00;3.00;2.00;2.00;1.00;2.00;2.00;491711.11
2021-02-19;2021;02;19;3.00;3.00;2.00;5.00;1.00;2.00;1.00;3.00;2.00;2.00;1.00;2.00;2.00;491722.22
2021-02-20;2021;02;20;3.00;3.00;2.00;5.00;1.00;2.00;1.00;3.00;2.00;2.00;1.00;2.00;2.00;491733.33
2021-02-21;2021;02;21;3.00;3.00;2.00;5.00;1.00;2.00;1.00;3.00;2.00;2.00;1.00;2.00;2.00;491744.44
2021-02-22;2021;02;22;3.00;3.00;2.00;5.00;1.00;2.00;1.00;3.00;2.00;2.00;1.00;2.00;2.00;491755.56
2021-02-23;2021;02;23;3.00;3.00;2.00;5.00;1.00;2.00;1.00;3.00;2.00;2.00;1.00;2.00;2.00;491766.67
2021-02-24;2021;02;24;3.00;3.00;2.00;5.00;1.00;2.00;1.00;3.00;2.00;2.00;1.00;2.00;2.00;491777.78
2021-02-25;2021;02;25;3.00;3.00;2.00;5.00;1.00;2.00;1.00;3.00;2.00;2.00;1.00;2.00;2.00;491788.89
2021-02-26;2021;02;26;3.00;3.00;2.00;5.00;1.00;2.00;1.00;3.00;2.00;2.00;1.00;2.00;2.00;491800.00
2021-02-27;2021;02;27;4.00;3.00;2.00;5.00;1.00;2.00;1.00;3.00;2.00;2.00;1.00;2.00;2.00;491822.22
2021-02-28;2021;02;28;4.00;3.00;2.00;5.00;1.00;2.00;1.00;3.00;2.00;2.00;1.00;2.00;2.00;491833.33
2021-03-01;2021;03;01;4.00;3.00;2.00;5.00;1.00;2.00;1.00;3.00;2.00;2.00;1.00;2.00;2.00;491844.44
2021-03-02;2021;03;02;4.00;3.00;2.00;5.00;1.00;2.00;1.00;3.00;2.00;2.00;1.00;2.00;2.00;491855.56
2021-03-03;2021;03;03;4.00;3.00;2.00;5.00;1.00;2.00;1.00;3.00;2.00;2.00;1.00;2.00;2.00;491866.67
2021-03-04;2021;03;04;4.00;3.00;2.00;5.00;1.00;2.00;1.00;3.00;2.00;2.00;1.00;2.00;2.00;491877.78
2021-03-05;2021;03;05;4.00;3.00;2.00;5.00;1.00;2.00;1.00;2.00;2.00;2.00;1.00;2.00;2.00;491888.89
2021-03-06;2021;03;06;4.00;3.00;2.00;5.00;1.00;2.00;1.00;2.00;2.00;2.00;1.00;2.00;2.00;491900.00
2021-03-07;2021;03;07;4.00;3.00;2.00;5.00;1.00;2.00;1.00;2.00;2.00;2.00;1.00;2.00;2.00;491911.11
2021-03-08;2021;03;08;4.00;3.00;2.00;5.00;1.00;2.00;1.00;2.00;2.00;2.00;1.00;2.00;2.00;491922.22
2021-03-09;2021;03;09;4.00;3.00;2.00;5.00;1.00;2.00;1.00;2.00;2.00;2.00;1.00;2.00;2.00;491933.33
2021-03-10;2021;03;10;4.00;3.00;2.00;5.00;1.00;2.00;1.00;2.00;2.00;2.00;1.00;2.00;2.00;491944.44
2021-03-11;2021;03;11;4.00;3.00;2.00;5.00;1.00;2.00;1.00;2.00;2.00;2.00;1.00;2.00;2.00;491955.56
2021-03-12;2021;03;12;4.00;3.00;2.00;5.00;1.00;2.00;1.00;2.00;2.00;2.00;1.00;2.00;2.00;491966.67
2021-03-13;2021;03;13;4.00;3.00;2.00;5.00;1.00;2.00;1.00;2.00;2.00;2.00;1.00;2.00;2.00;491977.78
2021-03-14;2021;03;14;4.00;3.00;2.00;5.00;1.00;2.00;1.00;2.00;2.00;2.00;1.00;2.00;2.00;491988.89
2021-03-15;2021;03;15;4.00;3.00;2.00;5.00;1.00;2.00;1.00;2.00;2.00;2.00;1.00;2.00;2.00;492000.00
2021-03-16;2021;03;16;4.00;3.00;2.00;5.00;1.00;2.00;1.00;2.00;2.00;2.00;1.00;2.00;2.00;492011.11
2021-03-17;2021;03;17;4.00;3.00;2.00;5.00;1.00;2.00;1.00;2.00;2.00;2.00;1.00;2.00;2.00;492022.22
2021-03-18;2021;03;18;4.00;3.00;2.00;5.00;1.00;2.00;1.00;2.00;2.00;2.00;1.00;2.00;2.00;492033.33
2021-03-19;2021;03;19;4.00;3.00;2.00;5.00;1.00;2.00;1.00;2.00;2.00;2.00;1.00;2.00;2.00;492044.44
2021-03-20;2021;03;20;4.00;3.00;2.00;5.00;1.00;2.00;1.00;2.00;2.00;2.00;1.00;2.00;2.00;492055.56
2021-03-21;2021;03;21;4.00;3.00;2.00;5.00;1.00;2.00;1.00;2.00;2.00;2.00;1.00;2.00;2.00;492066.67
2021-03-22;2021;03;22;4.00;3.00;2.00;5.00;1.00;2.00;1.00;2.00;2.00;2.00;1.00;2.00;2.00;492077.78
2021-03-23;2021;03;23;4.00;3.00;2.00;5.00;1.00;2.00;1.00;2.00;2.00;2.00;1.00;2.00;2.00;492088.89
2021-03-24;2021;03;24;4.00;3.00;2.00;5.00;1.00;2.00;1.00;2.00;2.00;2.00;1.00;2.00;2.00;492100.00
2021-03-25;2021;03;25;4.00;3.00;2.00;5.00;1.00;2.00;1.00;2.00;2.00;2.00;1.00;2.00;2.00;492111.11
2021-03-26;2021;03;26;4.00;3.00;2.00;5.00;1.00;2.00;1.00;2.00;2.00;2.00;1.00;2.00;2.00;492122.22
2021-03-27;2021;03;27;4.00;4.00;2.00;5.00;1.00;2.00;1.00;2.00;2.00;2.00;1.00;2.00;2.00;492144.44
2021-03-28;2021;03;28;4.00;4.00;2.00;5.00;1.00;2.00;1.00;2.00;2.00;2.00;1.00;2.00;2.00;492155.56
2021-03-29;2021;03;29;4.00;4.00;2.00;5.00;1.00;2.00;1.00;2.00;2.00;2.00;1.00;2.00;2.00;492166.67
2021-03-30;2021;03;30;4.00;4.00;2.00;5.00;1.00;2.00;1.00;2.00;2.00;2.00;1.00;2.00;2.00;492177.78
2021-03-31;2021;03;31;4.00;4.00;2.00;5.00;1.00;2.00;1.00;2.00;2.00;2.00;1.00;2.00;2.00;492188.89
2021-04-01;2021;04;01;4.00;4.00;2.00;5.00;1.00;2.00;1.00;2.00;2.00;2.00;1.00;2.00;3.00;492200.00
2021-04-02;2021;04;02;4.00;4.00;2.00;5.00;1.00;2.00;1.00;2.00;2.00;2.00;1.00;2.00;3.00;492211.11
2021-04-03;2021;04;03;4.00;4.00;2.00;5.00;1.00;2.00;1.00;2.00;2.00;2.00;1.00;2.00;3.00;492222.22
2021-04-04;2021;04;04;4.00;4.00;2.00;5.00;1.00;2.00;1.00;2.00;2.00;2.00;1.00;2.00;3.00;492233.33
2021-04-05;2021;04;05;4.00;4.00;2.00;5.00;1.00;2.00;1.00;2.00;2.00;2.00;1.00;2.00;3.00;492244.44
2021-04-06;2021;04;06;4.00;4.00;2.00;5.00;1.00;2.00;1.00;2.00;2.00;2.00;1.00;2.00;3.00;492255.56
2021-04-07;2021;04;07;4.00;4.00;2.00;5.00;1.00;2.00;1.00;2.00;2.00;2.00;1.00;2.00;3.00;492266.67
2021-04-08;2021;04;08;4.00;4.00;2.00;5.00;1.00;2.00;1.00;2.00;2.00;2.00;1.00;2.00;3.00;492277.78
2021-04-09;2021;04;09;4.00;4.00;2.00;5.00;1.00;2.00;1.00;2.00;2.00;2.00;1.00;2.00;3.00;492288.89
2021-04-10;2021;04;10;4.00;4.00;2.00;5.00;1.00;2.00;1.00;2.00;2.00;2.00;1.00;2.00;3.00;492300.00
2021-04-11;2021;04;11;4.00;4.00;2.00;5.00;1.00;2.00;1.00;2.00;2.00;2.00;1.00;2.00;3.00;492311.11
2021-04-12;2021;04;12;4.00;4.00;2.00;5.00;1.00;2.00;1.00;2.00;2.00;2.00;1.00;2.00;3.00;492322.22
2021-04-13;2021;04;13;4.00;4.00;2.00;5.00;1.00;2.00;1.00;2.00;2.00;2.00;1.00;2.00;3.00;492333.33
2021-04-14;2021;04;14;4.00;4.00;2.00;5.00;1.00;2.00;1.00;2.00;2.00;2.00;1.00;2.00;3.00;492344.44
2021-04-15;2021;04;15;4.00;4.00;2.00;5.00;1.00;2.00;1.00;2.00;2.00;2.00;1.00;2.00;3.00;492355.56
2021-04-16;2021;04;16;4.00;4.00;2.00;5.00;1.00;2.00;1.00;2.00;2.00;2.00;1.00;2.00;3.00;492366.67
2021-04-17;2021;04;17;4.00;4.00;2.00;5.00;1.00;2.00;1.00;2.00;2.00;2.00;1.00;2.00;3.00;492377.78
2021-04-18;2021;04;18;4.00;4.00;2.00;5.00;1.00;2.00;1.00;2.00;2.00;2.00;1.00;2.00;3.00;492388.89
2021-04-19;2021;04;19;3.00;4.00;2.00;5.00;1.00;2.00;1.00;2.00;2.00;2.00;1.00;2.00;3.00;492388.89
2021-04-20;2021;04;20;3.00;4.00;2.00;5.00;1.00;2.00;1.00;2.00;2.00;2.00;1.00;2.00;3.00;492400.00
2021-04-21;2021;04;21;3.00;4.00;2.00;5.00;1.00;2.00;1.00;2.00;2.00;2.00;1.00;2.00;3.00;492411.11
2021-04-22;2021;04;22;3.00;4.00;2.00;5.00;1.00;2.00;1.00;2.00;2.00;2.00;1.00;2.00;3.00;492422.22
2021-04-23;2021;04;23;3.00;4.00;2.00;5.00;1.00;2.00;1.00;2.00;2.00;2.00;1.00;2.00;3.00;492433.33
2021-04-24;2021;04;24;3.00;4.00;2.00;5.00;1.00;2.00;1.00;2.00;2.00;2.00;1.00;2.00;3.00;492444.44
2021-04-25;2021;04;25;3.00;4.00;2.00;5.00;1.00;2.00;1.00;2.00;2.00;2.00;1.00;2.00;3.00;492455.56
2021-04-26;2021;04;26;3.00;4.00;2.00;5.00;1.00;2.00;1.00;2.00;2.00;2.00;1.00;2.00;3.00;492466.67
2021-04-27;2021;04;27;3.00;4.00;2.00;5.00;1.00;2.00;1.00;2.00;2.00;2.00;1.00;2.00;3.00;492477.78
2021-04-28;2021;04;28;3.00;4.00;2.00;5.00;1.00;2.00;1.00;2.00;2.00;2.00;1.00;2.00;3.00;492488.89
2021-04-29;2021;04;29;3.00;4.00;2.00;5.00;1.00;2.00;1.00;2.00;2.00;2.00;1.00;2.00;4.00;492500.00
2021-04-30;2021;04;30;3.00;4.00;2.00;5.00;1.00;2.00;1.00;2.00;2.00;2.00;1.00;2.00;4.00;492511.11
2021-05-01;2021;05;01;3.00;4.00;2.00;5.00;1.00;2.00;1.00;2.00;2.00;2.00;1.00;2.00;4.00;492522.22
2021-05-02;2021;05;02;3.00;4.00;2.00;5.00;1.00;2.00;1.00;2.00;2.00;2.00;1.00;2.00;4.00;492533.33
2021-05-03;2021;05;03;3.00;4.00;2.00;5.00;1.00;2.00;1.00;2.00;2.00;2.00;1.00;2.00;4.00;492544.44
2021-05-04;2021;05;04;3.00;3.00;2.00;5.00;1.00;2.00;1.00;2.00;2.00;2.00;1.00;2.00;5.00;492544.44
2021-05-05;2021;05;05;3.00;3.00;2.00;5.00;1.00;2.00;1.00;2.00;2.00;2.00;1.00;2.00;5.00;492555.56
2021-05-06;2021;05;06;3.00;3.00;2.00;5.00;1.00;2.00;1.00;2.00;2.00;2.00;1.00;2.00;5.00;492566.67
2021-05-07;2021;05;07;3.00;3.00;2.00;5.00;1.00;2.00;1.00;2.00;2.00;2.00;1.00;2.00;5.00;492577.78
2021-05-08;2021;05;08;3.00;3.00;2.00;4.00;1.00;2.00;1.00;2.00;2.00;2.00;1.00;2.00;5.00;492588.89
2021-05-09;2021;05;09;3.00;3.00;2.00;4.00;1.00;2.00;1.00;2.00;2.00;2.00;1.00;2.00;5.00;492600.00
2021-05-10;2021;05;10;3.00;3.00;2.00;4.00;1.00;2.00;1.00;2.00;2.00;2.00;1.00;2.00;5.00;492611.11
2021-05-11;2021;05;11;3.00;3.00;2.00;4.00;1.00;2.00;1.00;2.00;2.00;2.00;1.00;2.00;5.00;492622.22
2021-05-12;2021;05;12;3.00;3.00;2.00;4.00;1.00;2.00;1.00;2.00;2.00;2.00;1.00;2.00;5.00;492633.33
2021-05-13;2021;05;13;3.00;3.00;2.00;4.00;1.00;2.00;1.00;2.00;2.00;2.00;1.00;2.00;5.00;492644.44
2021-05-14;2021;05;14;3.00;3.00;2.00;4.00;1.00;2.00;1.00;2.00;2.00;2.00;1.00;2.00;5.00;492655.56
2021-05-15;2021;05;15;2.00;3.00;2.00;4.00;1.00;2.00;1.00;2.00;2.00;2.00;1.00;2.00;5.00;492655.56
2021-05-16;2021;05;16;2.00;3.00;2.00;4.00;1.00;2.00;1.00;2.00;2.00;2.00;1.00;2.00;5.00;492666.67
2021-05-17;2021;05;17;2.00;3.00;2.00;4.00;1.00;2.00;1.00;2.00;2.00;2.00;1.00;2.00;5.00;492677.78
2021-05-18;2021;05;18;2.00;3.00;2.00;4.00;1.00;2.00;1.00;2.00;2.00;2.00;1.00;2.00;5.00;492688.89
2021-05-19;2021;05;19;2.00;3.00;2.00;4.00;1.00;2.00;1.00;2.00;2.00;2.00;1.00;2.00;5.00;492700.00
2021-05-20;2021;05;20;2.00;3.00;2.00;4.00;1.00;2.00;1.00;2.00;2.00;2.00;1.00;2.00;5.00;492711.11
2021-05-21;2021;05;21;2.00;3.00;2.00;4.00;1.00;2.00;1.00;2.00;2.00;2.00;1.00;2.00;5.00;492722.22
2021-05-22;2021;05;22;2.00;3.00;2.00;4.00;1.00;2.00;1.00;2.00;2.00;2.00;1.00;2.00;5.00;492733.33
2021-05-23;2021;05;23;2.00;3.00;2.00;4.00;1.00;2.00;1.00;2.00;2.00;2.00;1.00;2.00;5.00;492744.44
2021-05-24;2021;05;24;2.00;3.00;2.00;4.00;1.00;2.00;1.00;2.00;2.00;2.00;1.00;2.00;5.00;492755.56
2021-05-25;2021;05;25;2.00;3.00;2.00;4.00;1.00;2.00;1.00;2.00;2.00;2.00;1.00;2.00;5.00;492766.67
2021-05-26;2021;05;26;2.00;3.00;2.00;4.00;1.00;2.00;1.00;2.00;2.00;2.00;1.00;2.00;5.00;492777.78
2021-05-27;2021;05;27;2.00;3.00;2.00;4.00;1.00;2.00;1.00;2.00;2.00;2.00;1.00;2.00;5.00;492788.89
2021-05-28;2021;05;28;2.00;3.00;1.00;4.00;1.00;2.00;1.00;2.00;2.00;2.00;1.00;2.00;5.00;492788.89
2021-05-29;2021;05;29;2.00;3.00;1.00;4.00;1.00;2.00;1.00;2.00;2.00;2.00;1.00;2.00;5.00;492800.00
2021-05-30;2021;05;30;2.00;3.00;1.00;4.00;1.00;2.00;1.00;2.00;2.00;2.00;1.00;2.00;5.00;492811.11
2021-05-31;2021;05;31;2.00;3.00;1.00;4.00;1.00;2.00;1.00;2.00;2.00;2.00;1.00;2.00;5.00;492822.22
2021-06-01;2021;06;01;2.00;3.00;1.00;4.00;1.00;2.00;1.00;2.00;2.00;2.00;1.00;2.00;5.00;492833.33
2021-06-02;2021;06;02;2.00;3.00;1.00;4.00;1.00;2.00;1.00;2.00;2.00;2.00;1.00;2.00;5.00;492844.44
2021-06-03;2021;06;03;2.00;3.00;1.00;4.00;1.00;2.00;1.00;2.00;2.00;2.00;1.00;2.00;5.00;492855.56
2021-06-04;2021;06;04;2.00;3.00;1.00;4.00;1.00;2.00;1.00;2.00;2.00;2.00;1.00;2.00;5.00;492866.67
2021-06-05;2021;06;05;2.00;3.00;1.00;4.00;1.00;2.00;1.00;2.00;2.00;2.00;1.00;2.00;5.00;492877.78
2021-06-06;2021;06;06;2.00;3.00;1.00;3.00;1.00;2.00;1.00;2.00;2.00;2.00;1.00;2.00;5.00;492888.89
2021-06-07;2021;06;07;2.00;3.00;1.00;3.00;1.00;2.00;1.00;2.00;2.00;2.00;1.00;2.00;5.00;492900.00
2021-06-08;2021;06;08;2.00;3.00;1.00;3.00;1.00;2.00;1.00;2.00;2.00;2.00;1.00;2.00;5.00;492911.11
2021-06-09;2021;06;09;2.00;3.00;1.00;3.00;1.00;2.00;1.00;2.00;2.00;2.00;1.00;2.00;5.00;492922.22
2021-06-10;2021;06;10;2.00;3.00;1.00;3.00;1.00;2.00;1.00;2.00;2.00;2.00;1.00;2.00;5.00;492933.33
2021-06-11;2021;06;11;2.00;3.00;1.00;3.00;1.00;2.00;1.00;2.00;2.00;2.00;1.00;2.00;5.00;492944.44
